[
  { "id": 1, "level": 1, "category": "Focus", "task": "Work 15 minutes without distractions", "xp": 15, "time": "15 min", "difficulty": 1 },
  { "id": 2, "level": 1, "category": "Mind", "task": "Write down 3 things you're grateful for", "xp": 10, "time": "5 min", "difficulty": 1 },
  { "id": 3, "level": 1, "category": "Body", "task": "Do 10 push-ups", "xp": 15, "time": "3 min", "difficulty": 1 },
  { "id": 4, "level": 1, "category": "Social", "task": "Smile at 3 strangers today", "xp": 10, "time": "2 min", "difficulty": 1 },
  { "id": 5, "level": 1, "category": "Learning", "task": "Read 5 pages of a book", "xp": 15, "time": "10 min", "difficulty": 1 },
  { "id": 6, "level": 1, "category": "Productivity", "task": "Plan the 3 main tasks for tomorrow", "xp": 12, "time": "8 min", "difficulty": 1 },
  { "id": 7, "level": 1, "category": "Health", "task": "Drink an extra glass of water", "xp": 8, "time": "1 min", "difficulty": 1 },
  { "id": 8, "level": 1, "category": "Mindset", "task": "Take 3 deep breaths and focus", "xp": 8, "time": "1 min", "difficulty": 1 },
  { "id": 9, "level": 1, "category": "Comfort Zone", "task": "Ask someone how their day is", "xp": 12, "time": "2 min", "difficulty": 1 },
  { "id": 10, "level": 1, "category": "Self-Reflection", "task": "Write one short personal win from today", "xp": 10, "time": "5 min", "difficulty": 1 },

  { "id": 11, "level": 2, "category": "Focus", "task": "Work 25 minutes using the Pomodoro method", "xp": 25, "time": "25 min", "difficulty": 2 },
  { "id": 12, "level": 2, "category": "Body", "task": "Go for a 10-minute walk", "xp": 20, "time": "10 min", "difficulty": 2 },
  { "id": 13, "level": 2, "category": "Learning", "task": "Watch a short tutorial and note 3 takeaways", "xp": 30, "time": "20 min", "difficulty": 2 },
  { "id": 14, "level": 2, "category": "Social", "task": "Compliment a colleague sincerely", "xp": 18, "time": "3 min", "difficulty": 2 },
  { "id": 15, "level": 2, "category": "Mind", "task": "Write 5 things you like about yourself", "xp": 20, "time": "10 min", "difficulty": 2 },
  { "id": 16, "level": 2, "category": "Productivity", "task": "Clear one small inbox folder", "xp": 18, "time": "10 min", "difficulty": 2 },
  { "id": 17, "level": 2, "category": "Health", "task": "Do a 5-minute stretching routine", "xp": 18, "time": "5 min", "difficulty": 2 },
  { "id": 18, "level": 2, "category": "Comfort Zone", "task": "Try a new drink at a café", "xp": 15, "time": "15 min", "difficulty": 2 },
  { "id": 19, "level": 2, "category": "Courage", "task": "Ask a question in a group chat", "xp": 20, "time": "5 min", "difficulty": 2 },
  { "id": 20, "level": 2, "category": "Self-Reflection", "task": "Journal about one challenge you solved", "xp": 22, "time": "15 min", "difficulty": 2 },

  { "id": 21, "level": 3, "category": "Focus", "task": "Deep work for 45 minutes on one task", "xp": 45, "time": "45 min", "difficulty": 3 },
  { "id": 22, "level": 3, "category": "Learning", "task": "Read a full short article and summarize it", "xp": 35, "time": "20 min", "difficulty": 3 },
  { "id": 23, "level": 3, "category": "Body", "task": "Complete a 20-minute home workout", "xp": 40, "time": "20 min", "difficulty": 3 },
  { "id": 24, "level": 3, "category": "Social", "task": "Start a small conversation with a stranger", "xp": 30, "time": "10 min", "difficulty": 3 },
  { "id": 25, "level": 3, "category": "Mind", "task": "Meditate for 10 minutes", "xp": 30, "time": "10 min", "difficulty": 3 },
  { "id": 26, "level": 3, "category": "Productivity", "task": "Complete one Pomodoro plus a short review", "xp": 30, "time": "30 min", "difficulty": 3 },
  { "id": 27, "level": 3, "category": "Comfort Zone", "task": "Go to a new place alone for a short time", "xp": 35, "time": "30 min", "difficulty": 3 },
  { "id": 28, "level": 3, "category": "Courage", "task": "Share your opinion in a small meeting", "xp": 40, "time": "15 min", "difficulty": 3 },
  { "id": 29, "level": 3, "category": "Self-Reflection", "task": "Write about a past failure and lesson learned", "xp": 35, "time": "20 min", "difficulty": 3 },
  { "id": 30, "level": 3, "category": "Health", "task": "Try a healthy recipe for a meal", "xp": 30, "time": "30 min", "difficulty": 3 },

  { "id": 31, "level": 4, "category": "Focus", "task": "Work 90 focused minutes on one big task", "xp": 80, "time": "90 min", "difficulty": 4 },
  { "id": 32, "level": 4, "category": "Learning", "task": "Complete an online lesson module", "xp": 60, "time": "45 min", "difficulty": 4 },
  { "id": 33, "level": 4, "category": "Body", "task": "Go for a 45-minute cardio session", "xp": 55, "time": "45 min", "difficulty": 4 },
  { "id": 34, "level": 4, "category": "Social", "task": "Organize a small meetup with friends", "xp": 60, "time": "2 hours", "difficulty": 4 },
  { "id": 35, "level": 4, "category": "Mind", "task": "Write a 1-page plan for a personal goal", "xp": 50, "time": "30 min", "difficulty": 4 },
  { "id": 36, "level": 4, "category": "Productivity", "task": "Batch-process 5 similar tasks", "xp": 50, "time": "45 min", "difficulty": 4 },
  { "id": 37, "level": 4, "category": "Comfort Zone", "task": "Attend an event where you know few people", "xp": 65, "time": "2 hours", "difficulty": 4 },
  { "id": 38, "level": 4, "category": "Courage", "task": "Ask for feedback on your work", "xp": 55, "time": "20 min", "difficulty": 4 },
  { "id": 39, "level": 4, "category": "Self-Reflection", "task": "Create a 30-day personal growth plan", "xp": 60, "time": "45 min", "difficulty": 4 },
  { "id": 40, "level": 4, "category": "Health", "task": "Do a 60-minute fitness class or session", "xp": 70, "time": "60 min", "difficulty": 4 },

  { "id": 41, "level": 5, "category": "Focus", "task": "Finish a full complex project milestone", "xp": 100, "time": "3 hours", "difficulty": 5 },
  { "id": 42, "level": 5, "category": "Learning", "task": "Create a mini-course outline", "xp": 90, "time": "2 hours", "difficulty": 5 },
  { "id": 43, "level": 5, "category": "Body", "task": "Complete a challenging workout session", "xp": 80, "time": "1 hour", "difficulty": 5 },
  { "id": 44, "level": 5, "category": "Social", "task": "Join a new club or community", "xp": 85, "time": "1 hour", "difficulty": 5 },
  { "id": 45, "level": 5, "category": "Mind", "task": "Write a 1-page personal mission statement", "xp": 75, "time": "1 hour", "difficulty": 5 },
  { "id": 46, "level": 5, "category": "Productivity", "task": "Complete a full-day deep-focus plan", "xp": 120, "time": "all day", "difficulty": 5 },
  { "id": 47, "level": 5, "category": "Comfort Zone", "task": "Travel somewhere new for a day", "xp": 95, "time": "day trip", "difficulty": 5 },
  { "id": 48, "level": 5, "category": "Courage", "task": "Give a short talk to a small group", "xp": 100, "time": "30 min", "difficulty": 5 },
  { "id": 49, "level": 5, "category": "Self-Reflection", "task": "Do a 30-day habit audit and adjust", "xp": 90, "time": "1 hour", "difficulty": 5 },
  { "id": 50, "level": 5, "category": "Health", "task": "Commit to a 7-day sleep consistency challenge", "xp": 85, "time": "7 days", "difficulty": 5 },

  { "id": 51, "level": 6, "category": "Focus", "task": "Lead a 2-hour focused workshop", "xp": 140, "time": "2 hours", "difficulty": 5 },
  { "id": 52, "level": 6, "category": "Learning", "task": "Complete a multi-part learning project", "xp": 130, "time": "several hours", "difficulty": 5 },
  { "id": 53, "level": 6, "category": "Body", "task": "Finish a structured 30-minute HIIT session", "xp": 90, "time": "30 min", "difficulty": 4 },
  { "id": 54, "level": 6, "category": "Social", "task": "Organize a meetup for 5+ people", "xp": 110, "time": "3 hours", "difficulty": 5 },
  { "id": 55, "level": 6, "category": "Mind", "task": "Complete a weekend personal retreat (short)", "xp": 150, "time": "weekend", "difficulty": 5 },
  { "id": 56, "level": 6, "category": "Productivity", "task": "Automate a recurring task in your workflow", "xp": 120, "time": "1-2 hours", "difficulty": 5 },
  { "id": 57, "level": 6, "category": "Comfort Zone", "task": "Try public transportation alone in a new area", "xp": 95, "time": "1-2 hours", "difficulty": 4 },
  { "id": 58, "level": 6, "category": "Courage", "task": "Apply for a role or project you’re unsure about", "xp": 140, "time": "1 hour", "difficulty": 5 },
  { "id": 59, "level": 6, "category": "Self-Reflection", "task": "Write a long-form reflection on last year", "xp": 120, "time": "1-2 hours", "difficulty": 5 },
  { "id": 60, "level": 6, "category": "Health", "task": "Start a 14-day healthy meal plan", "xp": 130, "time": "14 days", "difficulty": 5 },

  { "id": 61, "level": 7, "category": "Focus", "task": "Ship a medium-sized project feature", "xp": 160, "time": "several hours", "difficulty": 5 },
  { "id": 62, "level": 7, "category": "Learning", "task": "Teach someone a skill you know", "xp": 140, "time": "1 hour", "difficulty": 5 },
  { "id": 63, "level": 7, "category": "Body", "task": "Complete an intense 60-minute workout", "xp": 140, "time": "60 min", "difficulty": 5 },
  { "id": 64, "level": 7, "category": "Social", "task": "Host a community event with 10+ attendees", "xp": 180, "time": "3+ hours", "difficulty": 5 },
  { "id": 65, "level": 7, "category": "Mind", "task": "Write a public article/blog post", "xp": 150, "time": "2 hours", "difficulty": 5 },
  { "id": 66, "level": 7, "category": "Productivity", "task": "Implement a new workflow that saves time", "xp": 160, "time": "2-3 hours", "difficulty": 5 },
  { "id": 67, "level": 7, "category": "Comfort Zone", "task": "Attend a networking event and talk to 5 people", "xp": 130, "time": "2 hours", "difficulty": 5 },
  { "id": 68, "level": 7, "category": "Courage", "task": "Pitch an idea to a group or mentor", "xp": 160, "time": "30-45 min", "difficulty": 5 },
  { "id": 69, "level": 7, "category": "Self-Reflection", "task": "Create a 90-day growth plan", "xp": 150, "time": "2 hours", "difficulty": 5 },
  { "id": 70, "level": 7, "category": "Health", "task": "Complete a 30-day consistent exercise streak", "xp": 200, "time": "30 days", "difficulty": 5 },

  { "id": 71, "level": 8, "category": "Focus", "task": "Lead a cross-team project for a milestone", "xp": 220, "time": "project duration", "difficulty": 5 },
  { "id": 72, "level": 8, "category": "Learning", "task": "Create a workshop and deliver it", "xp": 180, "time": "2-3 hours", "difficulty": 5 },
  { "id": 73, "level": 8, "category": "Body", "task": "Complete a multi-hour outdoor activity", "xp": 170, "time": "3+ hours", "difficulty": 5 },
  { "id": 74, "level": 8, "category": "Social", "task": "Mentor someone over a month", "xp": 200, "time": "1 month", "difficulty": 5 },
  { "id": 75, "level": 8, "category": "Mind", "task": "Publish a detailed guide or case study", "xp": 190, "time": "several hours", "difficulty": 5 },
  { "id": 76, "level": 8, "category": "Productivity", "task": "Automate multiple repetitive tasks", "xp": 210, "time": "several hours", "difficulty": 5 },
  { "id": 77, "level": 8, "category": "Comfort Zone", "task": "Travel abroad alone for a short trip", "xp": 230, "time": "2-4 days", "difficulty": 5 },
  { "id": 78, "level": 8, "category": "Courage", "task": "Deliver a talk to 30+ people", "xp": 240, "time": "1 hour", "difficulty": 5 },
  { "id": 79, "level": 8, "category": "Self-Reflection", "task": "Perform a yearly life review and goals reset", "xp": 200, "time": "3+ hours", "difficulty": 5 },
  { "id": 80, "level": 8, "category": "Health", "task": "Complete a structured fitness program for 8 weeks", "xp": 300, "time": "8 weeks", "difficulty": 5 },

  { "id": 81, "level": 9, "category": "Focus", "task": "Drive a major product or personal project to completion", "xp": 320, "time": "weeks", "difficulty": 5 },
  { "id": 82, "level": 9, "category": "Learning", "task": "Teach a multi-session course", "xp": 280, "time": "multiple sessions", "difficulty": 5 },
  { "id": 83, "level": 9, "category": "Body", "task": "Finish a challenging endurance event", "xp": 300, "time": "event", "difficulty": 5 },
  { "id": 84, "level": 9, "category": "Social", "task": "Start and run a community for 6 months", "xp": 350, "time": "6 months", "difficulty": 5 },
  { "id": 85, "level": 9, "category": "Mind", "task": "Write and publish a long-form ebook or guide", "xp": 320, "time": "weeks", "difficulty": 5 },
  { "id": 86, "level": 9, "category": "Productivity", "task": "Build a system that reliably saves hours weekly", "xp": 300, "time": "weeks", "difficulty": 5 },
  { "id": 87, "level": 9, "category": "Comfort Zone", "task": "Move to a new city for growth (planning step)", "xp": 340, "time": "planning", "difficulty": 5 },
  { "id": 88, "level": 9, "category": "Courage", "task": "Lead a large-scale presentation or keynote", "xp": 360, "time": "1-2 hours", "difficulty": 5 },
  { "id": 89, "level": 9, "category": "Self-Reflection", "task": "Run an intensive personal development experiment (30 days)", "xp": 300, "time": "30 days", "difficulty": 5 },
  { "id": 90, "level": 9, "category": "Health", "task": "Complete a disciplined wellness overhaul month", "xp": 320, "time": "30 days", "difficulty": 5 },

  { "id": 91, "level": 10, "category": "Focus", "task": "Launch a major personal project or business MVP", "xp": 500, "time": "weeks-months", "difficulty": 5 },
  { "id": 92, "level": 10, "category": "Learning", "task": "Design and publish a full learning curriculum", "xp": 450, "time": "months", "difficulty": 5 },
  { "id": 93, "level": 10, "category": "Body", "task": "Complete an extreme physical challenge you set", "xp": 420, "time": "event", "difficulty": 5 },
  { "id": 94, "level": 10, "category": "Social", "task": "Build and scale a community or brand", "xp": 480, "time": "months", "difficulty": 5 },
  { "id": 95, "level": 10, "category": "Mind", "task": "Create a legacy project that impacts others", "xp": 500, "time": "months", "difficulty": 5 },
  { "id": 96, "level": 10, "category": "Productivity", "task": "Architect systems that free your weekly time by 50%", "xp": 480, "time": "months", "difficulty": 5 },
  { "id": 97, "level": 10, "category": "Comfort Zone", "task": "Relocate or undertake a major life change for growth", "xp": 520, "time": "months", "difficulty": 5 },
  { "id": 98, "level": 10, "category": "Courage", "task": "Deliver an influential keynote or launch", "xp": 550, "time": "event", "difficulty": 5 },
  { "id": 99, "level": 10, "category": "Self-Reflection", "task": "Write a long personal manifesto and share it", "xp": 500, "time": "several days", "difficulty": 5 },
  { "id": 100, "level": 10, "category": "Health", "task": "Commit to a year-long personal health transformation plan (planning stage)", "xp": 600, "time": "1 year (plan)", "difficulty": 5 }
]
